class,F1,F2,F3,F4,F5,F6,F7,F8,id
3.0,1.0,1.0,1.0,1.0,1.0,1.0,1.0,1.0,999
3.0,0.53766714,1.8338849999999998,-2.2588468999999995,0.86217332,0.31876524,-1.3076883,-0.43359202,0.34262447,4999
1.0,81.50074000000001,635.77719,-576.5073,1674.5818,563.4580900000001,853.2428800000001,975.85636,-608.32497,6520
4.0,1.0,2.0,3.0,4.0,5.0,6.0,7.0,8.0,14999
3.0,8.0,7.0,6.0,5.0,4.0,3.0,2.0,1.0,24999
2.0,801.3779900000001,639.2841599999999,1364.2088,-126.28803,746.05552,252.98123999999999,672.22867,161.4285,28953
2.0,0.22279303,1.9527290000000002,0.86331581,0.08802768400000001,0.23293214,0.041350857000000005,0.42198984,3.3322775,34999
3.0,407.62432,422.82940999999994,904.2345,386.06455,568.9284299999999,570.66156,1077.367,414.11733,38128
