class,F1,F2,F3,F4,F5,F6,F7,F8,id
3.0,1.0,1.0,1.0,1.0,1.0,1.0,1.0,1.0,999
3.0,0.53766714,1.8338849999999998,-2.2588468999999995,0.86217332,0.31876524,-1.3076883,-0.43359202,0.34262447,4999
4.0,1.0,2.0,3.0,4.0,5.0,6.0,7.0,8.0,14999
3.0,8.0,7.0,6.0,5.0,4.0,3.0,2.0,1.0,24999
2.0,0.22279303,1.9527290000000002,0.86331581,0.08802768400000001,0.23293214,0.041350857000000005,0.42198984,3.3322775,34999
